ra_game_id,title,category,achievements,ra_hashes,status,local_roms,local_releases,dat_entries,dat_games,nointro_db_files,nointro_db_titles,local_sources,other_platform_db
10023,Knuckles' Chaotix,Official,36,1,local,1,"Knuckles' Chaotix (Japan, USA) (En)",1,"Knuckles' Chaotix (Japan, USA) (En)",0,,"nointro,retroachievements",
10109,Stellar Assault,Official,28,1,local,1,"Stellar Assault (USA, Europe)",1,"Stellar Assault (USA, Europe)",0,,"nointro,retroachievements",
10565,Space Harrier,Official,41,1,local,1,"Space Harrier (Japan, USA) (En)",1,"Space Harrier (Japan, USA) (En)",0,,"nointro,retroachievements",
10576,Blackthorne,Official,68,2,local,2,Blackthorne (USA),1,Blackthorne (USA),0,,"nointro,retroachievements",
11823,Virtua Racing Deluxe,Official,65,1,local,1,Virtua Racing Deluxe (Japan),1,Virtua Racing Deluxe (Japan),0,,"nointro,retroachievements",
12777,Doom,Official,59,1,local,1,"Doom (Japan, USA) (En)",1,"Doom (Japan, USA) (En)",0,,"nointro,retroachievements",
13377,Mortal Kombat II,Official,54,1,local,1,"Mortal Kombat II (Japan, USA) (En)",1,"Mortal Kombat II (Japan, USA) (En)",0,,"nointro,retroachievements",
14206,Star Wars Arcade,Official,20,2,local,2,"Star Wars Arcade (USA),Star Wars Arcade (Europe)",2,"Star Wars Arcade (USA),Star Wars Arcade (Europe)",0,,"nointro,retroachievements",
14207,~Prototype~ Virtua Hamster,Prototype,6,1,local,1,Virtua Hamster (USA) (Proto),1,Virtua Hamster (USA) (Proto),0,,"nointro,retroachievements",
14303,After Burner Complete,Official,22,1,local,1,"After Burner Complete (Japan, USA) (En)",1,"After Burner Complete (Japan, USA) (En)",0,,"nointro,retroachievements",
14304,Virtua Fighter,Official,31,1,local,1,"Virtua Fighter (Japan, USA) (En)",1,"Virtua Fighter (Japan, USA) (En)",0,,"nointro,retroachievements",
14306,Cosmic Carnage,Official,16,1,local,1,"Cosmic Carnage (Japan, USA) (En)",1,"Cosmic Carnage (Japan, USA) (En)",0,,"nointro,retroachievements",
14307,Tempo,Official,36,1,local,1,"Tempo (Japan, USA) (En)",1,"Tempo (Japan, USA) (En)",0,,"nointro,retroachievements",
14308,Kolibri,Official,42,1,local,1,"Kolibri (USA, Europe)",1,"Kolibri (USA, Europe)",0,,"nointro,retroachievements",
14831,WWF WrestleMania: The Arcade Game,Official,21,1,local,1,WWF WrestleMania - The Arcade Game (USA),1,WWF WrestleMania - The Arcade Game (USA),0,,"nointro,retroachievements",
14844,The Amazing Spider-Man: Web of Fire,Official,18,1,local,1,"Amazing Spider-Man, The - Web of Fire (USA)",1,"Amazing Spider-Man, The - Web of Fire (USA)",0,,"nointro,retroachievements",
15652,BC Racers,Official,40,1,local,1,BC Racers (USA),1,BC Racers (USA),0,,"nointro,retroachievements",
15989,~Prototype~ Soul Star X | Soulstar X,Prototype,6,1,local,1,Soulstar X (USA) (Proto),1,Soulstar X (USA) (Proto),0,,"nointro,retroachievements",
15991,Zaxxon's Motherbase 2000,Official,29,1,local,1,"Zaxxon's Motherbase 2000 (Japan, USA) (En)",1,"Zaxxon's Motherbase 2000 (Japan, USA) (En)",0,,nointro,
16062,NBA Jam: Tournament Edition,Official,29,1,local,1,NBA Jam - Tournament Edition (World),1,NBA Jam - Tournament Edition (World),0,,"nointro,retroachievements",
16604,Motocross Championship,Official,72,2,local,2,"Motocross Championship (USA),Motocross Championship (Europe)",2,"Motocross Championship (USA),Motocross Championship (Europe)",0,,"nointro,retroachievements",
16793,Brutal Unleashed: Above the Claw,Official,26,1,local,1,Brutal - Above the Claw (USA),1,Brutal - Above the Claw (USA),0,,"nointro,retroachievements",
16794,~Prototype~ ClayFighter 2,Prototype,7,1,local,1,ClayFighter 2 (USA) (Proto),1,ClayFighter 2 (USA) (Proto),0,,"nointro,retroachievements",
16795,DarXide,Official,21,1,local,1,"Darxide (Europe) (En,Fr,De,Es)",1,"Darxide (Europe) (En,Fr,De,Es)",0,,"nointro,retroachievements",
16800,~Prototype~ Pinocchio,Prototype,27,1,local,1,Pinocchio (Europe) (Proto),1,Pinocchio (Europe) (Proto),0,,"nointro,retroachievements",
16802,Primal Rage,Official,28,1,local,1,"Primal Rage (USA, Europe)",1,"Primal Rage (USA, Europe)",0,,"nointro,retroachievements",
16803,R.B.I. Baseball '95,Official,36,1,local,1,RBI Baseball '95 (USA),1,RBI Baseball '95 (USA),0,,"nointro,retroachievements",
16807,Toughman Contest,Official,16,1,local,1,"Toughman Contest (USA, Europe)",1,"Toughman Contest (USA, Europe)",0,,"nointro,retroachievements",
17681,~Hack~ Sigil,Hack,26,1,local,1,,0,,0,,retroachievements,
17682,~Homebrew~ xRick,Homebrew,12,1,local,1,xRick (World) (Aftermarket) (Unl),1,xRick (World) (Aftermarket) (Unl),0,,"nointro,retroachievements",
18179,~Hack~ Doom 32X: Resurrection,Hack,117,1,local,1,,0,,0,,retroachievements,
22047,~Hack~ Mortal Kombat II: Arcade Edition,Hack,40,2,local,2,,0,,0,,retroachievements,
23739,~Prototype~ Spot Goes to Hollywood,Prototype,36,1,local,1,Spot Goes to Hollywood (USA) (Proto),1,Spot Goes to Hollywood (USA) (Proto),0,,"nointro,retroachievements",
31958,"~Hack~ GameTap, Cup Noodles, and Bitter Tears",Hack,12,1,local,1,,0,,0,,retroachievements,
33276,~Homebrew~ ~Demo~ Sonic Robo Blast 32X,Homebrew/Demo,26,1,unmatched,0,,0,,0,,,
33570,~Homebrew~ Double Symbol,Homebrew,18,1,local,1,,0,,0,,retroachievements,
